USE springfield;

INSERT INTO FAMILIAS (ID_FAMILIA, DESC_FAMILIA, FECHA_INSERT, FECHA_MODIFICACION) VALUES (1, "SIMPSONS", NOW(), NOW());
COMMIT;

INSERT INTO FAMILIAS (ID_FAMILIA, DESC_FAMILIA, FECHA_INSERT, FECHA_MODIFICACION) VALUES (2, "BOUVIER", NOW(), NOW());
COMMIT;

INSERT INTO FAMILIAS (ID_FAMILIA, DESC_FAMILIA, FECHA_INSERT, FECHA_MODIFICACION) VALUES (3, "FLANDERS", NOW(), NOW());
COMMIT;

INSERT INTO FAMILIAS (ID_FAMILIA, DESC_FAMILIA, FECHA_INSERT, FECHA_MODIFICACION) VALUES (4, "WIGGUM", NOW(), NOW());
COMMIT;

INSERT INTO FAMILIAS (ID_FAMILIA, DESC_FAMILIA, FECHA_INSERT, FECHA_MODIFICACION) VALUES (5, "SPUCKLER", NOW(), NOW());
COMMIT;

INSERT INTO FAMILIAS (ID_FAMILIA, DESC_FAMILIA, FECHA_INSERT, FECHA_MODIFICACION) VALUES (6, "NAHASAPEEMAPETILON", NOW(), NOW());
COMMIT;

INSERT INTO FAMILIAS (ID_FAMILIA, DESC_FAMILIA, FECHA_INSERT, FECHA_MODIFICACION) VALUES (7, "VAN HOUTEN", NOW(), NOW());
COMMIT;

INSERT INTO FAMILIAS (ID_FAMILIA, DESC_FAMILIA, FECHA_INSERT, FECHA_MODIFICACION) VALUES (8, "BURNS", NOW(), NOW());
COMMIT;

INSERT INTO FAMILIAS (ID_FAMILIA, DESC_FAMILIA, FECHA_INSERT, FECHA_MODIFICACION) VALUES (9, "MUNTZ", NOW(), NOW());
COMMIT;

INSERT INTO FAMILIAS (ID_FAMILIA, DESC_FAMILIA, FECHA_INSERT, FECHA_MODIFICACION) VALUES (10, "SKINNER", NOW(), NOW());
COMMIT;

INSERT INTO FAMILIAS (ID_FAMILIA, DESC_FAMILIA, FECHA_INSERT, FECHA_MODIFICACION) VALUES (11, "LOVEJOY", NOW(), NOW());
COMMIT;

INSERT INTO FAMILIAS (ID_FAMILIA, DESC_FAMILIA, FECHA_INSERT, FECHA_MODIFICACION) VALUES (12, "HIBBERT", NOW(), NOW());
COMMIT;

INSERT INTO FAMILIAS (ID_FAMILIA, DESC_FAMILIA, FECHA_INSERT, FECHA_MODIFICACION) VALUES (13, "PRINCE", NOW(), NOW());
COMMIT;

INSERT INTO MATRIMONIOS (ID_MATRIMONIO, DESC_MATRIMONIO, FECHA_INSERT, FECHA_MODIFICACION) VALUES (1, "HOMER & MARGE SIMPSON", NOW(),NOW());
COMMIT;

INSERT INTO MATRIMONIOS (ID_MATRIMONIO, DESC_MATRIMONIO, FECHA_INSERT, FECHA_MODIFICACION) VALUES (2, "NEDD & MAUDE FLANDERS", NOW(),NOW());
COMMIT;

INSERT INTO MATRIMONIOS (ID_MATRIMONIO, DESC_MATRIMONIO, FECHA_INSERT, FECHA_MODIFICACION) VALUES (3, "CLANCY & SARAH WIGGUM", NOW(),NOW());
COMMIT;

INSERT INTO MATRIMONIOS (ID_MATRIMONIO, DESC_MATRIMONIO, FECHA_INSERT, FECHA_MODIFICACION) VALUES (4, "TIMOTHY & HELEN LOVEJOY", NOW(),NOW());
COMMIT;

INSERT INTO MATRIMONIOS (ID_MATRIMONIO, DESC_MATRIMONIO, FECHA_INSERT, FECHA_MODIFICACION) VALUES (5, "APU & MANJULA NAHASAPEEMAPETILON", NOW(),NOW());
COMMIT;

INSERT INTO MATRIMONIOS (ID_MATRIMONIO, DESC_MATRIMONIO, FECHA_INSERT, FECHA_MODIFICACION) VALUES (6, "KIRK & LUANN FLANDERS", NOW(),NOW());
COMMIT;

INSERT INTO MATRIMONIOS (ID_MATRIMONIO, DESC_MATRIMONIO, FECHA_INSERT, FECHA_MODIFICACION) VALUES (7, "POPPA & LILI MUNTZ", NOW(),NOW());
COMMIT;

INSERT INTO MATRIMONIOS (ID_MATRIMONIO, DESC_MATRIMONIO, FECHA_INSERT, FECHA_MODIFICACION) VALUES (8, "SHELDON & AGNES SKINNER", NOW(),NOW());
COMMIT;

INSERT INTO MATRIMONIOS (ID_MATRIMONIO, DESC_MATRIMONIO, FECHA_INSERT, FECHA_MODIFICACION) VALUES (9, "JULIUS & BERNICE HIBBERT", NOW(),NOW());
COMMIT;

INSERT INTO MATRIMONIOS (ID_MATRIMONIO, DESC_MATRIMONIO, FECHA_INSERT, FECHA_MODIFICACION) VALUES (10, "MARTIN & MARTHA SIMPSON", NOW(),NOW());
COMMIT;

INSERT INTO SEXO (ID_SEXO, DESC_SEXO, FECHA_INSERT, FECHA_MODIFICACION) VALUES (1, "HOMBRE", NOW(),NOW());
COMMIT;

INSERT INTO SEXO (ID_SEXO, DESC_SEXO, FECHA_INSERT, FECHA_MODIFICACION) VALUES (2, "MUJER", NOW(),NOW());
COMMIT;

INSERT INTO CIUDADES (DESC_CIUDAD, FECHA_INSERT,FECHA_MODIFICACION) VALUES ("SPRINGFIELD",NOW(),NOW());
COMMIT;

INSERT INTO CIUDADES (DESC_CIUDAD, FECHA_INSERT,FECHA_MODIFICACION) VALUES ("SHELBYVILLE",NOW(),NOW());
COMMIT;

INSERT INTO CIUDADES (DESC_CIUDAD, FECHA_INSERT,FECHA_MODIFICACION) VALUES ("CAPITAL CITY",NOW(),NOW());
COMMIT;

INSERT INTO CIUDADES (DESC_CIUDAD, FECHA_INSERT,FECHA_MODIFICACION) VALUES ("CYPRESS CREEK",NOW(),NOW());
COMMIT;

INSERT INTO CIUDADES (DESC_CIUDAD, FECHA_INSERT,FECHA_MODIFICACION) VALUES ("BRONSON, MISSOURI",NOW(),NOW());
COMMIT;

INSERT INTO CIUDADES (DESC_CIUDAD, FECHA_INSERT,FECHA_MODIFICACION) VALUES ("HUMBLETON, PENNSYLVANIA",NOW(),NOW());
COMMIT;

INSERT INTO CIUDADES (DESC_CIUDAD, FECHA_INSERT,FECHA_MODIFICACION) VALUES ("BROCKWAY",NOW(),NOW());
COMMIT;

INSERT INTO CIUDADES (DESC_CIUDAD, FECHA_INSERT,FECHA_MODIFICACION) VALUES ("OGDENVILLE",NOW(),NOW());
COMMIT;

INSERT INTO CIUDADES (DESC_CIUDAD, FECHA_INSERT,FECHA_MODIFICACION) VALUES ("BARNACLE BAY",NOW(),NOW());
COMMIT;

INSERT INTO CIUDADES (DESC_CIUDAD, FECHA_INSERT,FECHA_MODIFICACION) VALUES ("NORTH HAVENBROOK",NOW(),NOW());
COMMIT;

INSERT INTO CIUDADES (DESC_CIUDAD, FECHA_INSERT,FECHA_MODIFICACION) VALUES ("TERROR LAKE",NOW(),NOW());
COMMIT;

INSERT INTO CIUDADES (DESC_CIUDAD, FECHA_INSERT,FECHA_MODIFICACION) VALUES ("DETROIT",NOW(),NOW());
COMMIT;

INSERT INTO PROFESIONES VALUES (1,'JUBILADO',NOW(),NOW()); 
INSERT INTO PROFESIONES VALUES (2,'EMPRESARIO',NOW(),NOW()); 
INSERT INTO PROFESIONES VALUES (3,'ESTUDIANTE',NOW(),NOW()); 
INSERT INTO PROFESIONES VALUES (4,'AMA DE CASA',NOW(),NOW()); 
INSERT INTO PROFESIONES VALUES (5,'INSPECTOR DE SEGURIDAD',NOW(),NOW()); 
INSERT INTO PROFESIONES VALUES (6,'FUNCIONARIO DE TRAFICO',NOW(),NOW()); 
INSERT INTO PROFESIONES VALUES (7,'JEFE DE POLICIA',NOW(),NOW()); 
INSERT INTO PROFESIONES VALUES (8,'ENCARGADO',NOW(),NOW()); 
INSERT INTO PROFESIONES VALUES (9,'ADMINISTRATIVO',NOW(),NOW()); 
INSERT INTO PROFESIONES VALUES (10,'STRIPPER',NOW(),NOW()); 
INSERT INTO PROFESIONES VALUES (11,'ESPECTACULO DE CIRCO',NOW(),NOW()); 
INSERT INTO PROFESIONES VALUES (12,'DIRECTOR',NOW(),NOW()); 
INSERT INTO PROFESIONES VALUES (13,'SARGENTO',NOW(),NOW()); 
INSERT INTO PROFESIONES VALUES (14,'SOLDADO',NOW(),NOW()); 
INSERT INTO PROFESIONES VALUES (15,'REVERENDO',NOW(),NOW()); 
INSERT INTO PROFESIONES VALUES (16,'SAXOFONISTA',NOW(),NOW()); 
INSERT INTO PROFESIONES VALUES (17,'MEDICO',NOW(),NOW()); 
INSERT INTO PROFESIONES VALUES (18,'CORREDOR DE ACCIONES',NOW(),NOW()); 
INSERT INTO PROFESIONES VALUES (19,'PROFESOR',NOW(),NOW()); 
INSERT INTO PROFESIONES VALUES (20,'CAPO DE LA MAFIA',NOW(),NOW()); 
INSERT INTO PROFESIONES VALUES (21,'PRESENTADOR DE TV',NOW(),NOW()); 
INSERT INTO PROFESIONES VALUES (22,'ASISTENTE PERSONAL',NOW(),NOW()); 
INSERT INTO PROFESIONES VALUES (23,'PILOTO DE HELICOPTEROS',NOW(),NOW()); 
INSERT INTO PROFESIONES VALUES (24,'POLICIA',NOW(),NOW()); 
INSERT INTO PROFESIONES VALUES (25,'SUPERVISOR DE INSPECTORES DE SEGURIDAD',NOW(),NOW()); 
INSERT INTO PROFESIONES VALUES (26,'INGENIERO',NOW(),NOW()); 
INSERT INTO PROFESIONES VALUES (27,'ACTOR SECUNDARIO',NOW(),NOW()); 
INSERT INTO PROFESIONES VALUES (28,'LADRON',NOW(),NOW()); 
INSERT INTO PROFESIONES VALUES (29,'MANTENIMIENTO',NOW(),NOW()); 
INSERT INTO PROFESIONES VALUES (30,'BAILARIN',NOW(),NOW()); 
INSERT INTO PROFESIONES VALUES (31,'ACTOR',NOW(),NOW()); 
INSERT INTO PROFESIONES VALUES (32,'MASCOTA OFICIAL',NOW(),NOW()); 
INSERT INTO PROFESIONES VALUES (33,'DEPENDIENTE',NOW(),NOW()); 
INSERT INTO PROFESIONES VALUES (34,'ABOGADO',NOW(),NOW()); 
INSERT INTO PROFESIONES VALUES (35,'CHICA DEL TIEMPO',NOW(),NOW()); 
INSERT INTO PROFESIONES VALUES (36,'PSIQUIATRA',NOW(),NOW()); 
INSERT INTO PROFESIONES VALUES (37,'ALCALDE',NOW(),NOW()); 
COMMIT;

INSERT INTO MASCOTAS (DESC_MASCOTA, ID_FAMILIA, FECHA_INSERT, FECHA_MODIFICACION) VALUES ("AYUDANTE DE SANTA CLAUS",1,NOW(),NOW());
INSERT INTO MASCOTAS (DESC_MASCOTA, ID_FAMILIA, FECHA_INSERT, FECHA_MODIFICACION) VALUES ("BOLA DE NIEVE II",1,NOW(),NOW());
INSERT INTO MASCOTAS (DESC_MASCOTA, ID_FAMILIA, FECHA_INSERT, FECHA_MODIFICACION) VALUES ("JUB-JUB",1,NOW(),NOW());

COMMIT;

INSERT INTO LUGARES (DESC_LUGAR, ID_CIUDAD, FECHA_INSERT, FECHA_MODIFICACION) VALUES ("CASTILLO DEL JUBILADO",1,NOW(),NOW());
INSERT INTO LUGARES (DESC_LUGAR, ID_CIUDAD, FECHA_INSERT, FECHA_MODIFICACION) VALUES ("LA TABERNA DE MOE",1,NOW(),NOW());
INSERT INTO LUGARES (DESC_LUGAR, ID_CIUDAD, FECHA_INSERT, FECHA_MODIFICACION) VALUES ("PLANTA NUCLEAR",1,NOW(),NOW());
INSERT INTO LUGARES (DESC_LUGAR, ID_CIUDAD, FECHA_INSERT, FECHA_MODIFICACION) VALUES ("ESCUELA DE PRIMARIA",1,NOW(),NOW());
INSERT INTO LUGARES (DESC_LUGAR, ID_CIUDAD, FECHA_INSERT, FECHA_MODIFICACION) VALUES ("EL BADULAQUE",1,NOW(),NOW());
INSERT INTO LUGARES (DESC_LUGAR, ID_CIUDAD, FECHA_INSERT, FECHA_MODIFICACION) VALUES ("KRUSTY BURGUER",1,NOW(),NOW());
INSERT INTO LUGARES (DESC_LUGAR, ID_CIUDAD, FECHA_INSERT, FECHA_MODIFICACION) VALUES ("EL CALABOZO EL ANDROIDE",1,NOW(),NOW());
INSERT INTO LUGARES (DESC_LUGAR, ID_CIUDAD, FECHA_INSERT, FECHA_MODIFICACION) VALUES ("IGLESIA",1,NOW(),NOW());
INSERT INTO LUGARES (DESC_LUGAR, ID_CIUDAD, FECHA_INSERT, FECHA_MODIFICACION) VALUES ("ESTADIO DE LOS ISOTOPOS",1,NOW(),NOW());
INSERT INTO LUGARES (DESC_LUGAR, ID_CIUDAD, FECHA_INSERT, FECHA_MODIFICACION) VALUES ("CENTRO COMERCIAL",1,NOW(),NOW());
INSERT INTO LUGARES (DESC_LUGAR, ID_CIUDAD, FECHA_INSERT, FECHA_MODIFICACION) VALUES ("AEROPUERTO",1,NOW(),NOW());
INSERT INTO LUGARES (DESC_LUGAR, ID_CIUDAD, FECHA_INSERT, FECHA_MODIFICACION) VALUES ("HOSPITAL",1,NOW(),NOW());
INSERT INTO LUGARES (DESC_LUGAR, ID_CIUDAD, FECHA_INSERT, FECHA_MODIFICACION) VALUES ("PENITENCIARIA",1,NOW(),NOW());
INSERT INTO LUGARES (DESC_LUGAR, ID_CIUDAD, FECHA_INSERT, FECHA_MODIFICACION) VALUES ("CASINO DEL SR.BURNS",1,NOW(),NOW());
INSERT INTO LUGARES (DESC_LUGAR, ID_CIUDAD, FECHA_INSERT, FECHA_MODIFICACION) VALUES ("MONTAÑA",1,NOW(),NOW());
INSERT INTO LUGARES (DESC_LUGAR, ID_CIUDAD, FECHA_INSERT, FECHA_MODIFICACION) VALUES ("RESTAURANTE LUIGI",1,NOW(),NOW());
INSERT INTO LUGARES (DESC_LUGAR, ID_CIUDAD, FECHA_INSERT, FECHA_MODIFICACION) VALUES ("CEMENTERIO",1,NOW(),NOW());
INSERT INTO LUGARES (DESC_LUGAR, ID_CIUDAD, FECHA_INSERT, FECHA_MODIFICACION) VALUES ("ESTUDIOS KRUSTY",1,NOW(),NOW());
INSERT INTO LUGARES (DESC_LUGAR, ID_CIUDAD, FECHA_INSERT, FECHA_MODIFICACION) VALUES ("LA CORTE",1,NOW(),NOW());
INSERT INTO LUGARES (DESC_LUGAR, ID_CIUDAD, FECHA_INSERT, FECHA_MODIFICACION) VALUES ("QUEMA DE LLANTAS",1,NOW(),NOW());
INSERT INTO LUGARES (DESC_LUGAR, ID_CIUDAD, FECHA_INSERT, FECHA_MODIFICACION) VALUES ("MUSEO SPRINGSONIANO",1,NOW(),NOW());
INSERT INTO LUGARES (DESC_LUGAR, ID_CIUDAD, FECHA_INSERT, FECHA_MODIFICACION) VALUES ("FABRICA DE CAJAS",1,NOW(),NOW());
INSERT INTO LUGARES (DESC_LUGAR, ID_CIUDAD, FECHA_INSERT, FECHA_MODIFICACION) VALUES ("MUSEO DEL SELLO",1,NOW(),NOW());
INSERT INTO LUGARES (DESC_LUGAR, ID_CIUDAD, FECHA_INSERT, FECHA_MODIFICACION) VALUES ("BOOKACCINO",1,NOW(),NOW());
INSERT INTO LUGARES (DESC_LUGAR, ID_CIUDAD, FECHA_INSERT, FECHA_MODIFICACION) VALUES ("I CANT BELIEVE ITS A LAW FIRM",1,NOW(),NOW());
INSERT INTO LUGARES (DESC_LUGAR, ID_CIUDAD, FECHA_INSERT, FECHA_MODIFICACION) VALUES ("DONNERS PARTY SUPPLIES",1,NOW(),NOW());
INSERT INTO LUGARES (DESC_LUGAR, ID_CIUDAD, FECHA_INSERT, FECHA_MODIFICACION) VALUES ("IN N OUT EAR PUERCING",1,NOW(),NOW());
INSERT INTO LUGARES (DESC_LUGAR, ID_CIUDAD, FECHA_INSERT, FECHA_MODIFICACION) VALUES ("CAPTAIN BLIP ZAPATERIA",1,NOW(),NOW());
INSERT INTO LUGARES (DESC_LUGAR, ID_CIUDAD, FECHA_INSERT, FECHA_MODIFICACION) VALUES ("CRAZY E.T.S PRHONE HOME",1,NOW(),NOW());
INSERT INTO LUGARES (DESC_LUGAR, ID_CIUDAD, FECHA_INSERT, FECHA_MODIFICACION) VALUES ("GIRDLES N SUCH",1,NOW(),NOW());
INSERT INTO LUGARES (DESC_LUGAR, ID_CIUDAD, FECHA_INSERT, FECHA_MODIFICACION) VALUES ("KIDSTOWN USA",1,NOW(),NOW());
INSERT INTO LUGARES (DESC_LUGAR, ID_CIUDAD, FECHA_INSERT, FECHA_MODIFICACION) VALUES ("ROPA DINGO",1,NOW(),NOW());
INSERT INTO LUGARES (DESC_LUGAR, ID_CIUDAD, FECHA_INSERT, FECHA_MODIFICACION) VALUES ("ALL CREATURE GREAT AND CHEAP",1,NOW(),NOW());
INSERT INTO LUGARES (DESC_LUGAR, ID_CIUDAD, FECHA_INSERT, FECHA_MODIFICACION) VALUES ("IRCHY & SCRATCHYS",1,NOW(),NOW());
INSERT INTO LUGARES (DESC_LUGAR, ID_CIUDAD, FECHA_INSERT, FECHA_MODIFICACION) VALUES ("INTERNATIONAL HOUSE OF ANSWERING MACHINES",1,NOW(),NOW());
INSERT INTO LUGARES (DESC_LUGAR, ID_CIUDAD, FECHA_INSERT, FECHA_MODIFICACION) VALUES ("I.P.O FRIDAYS",1,NOW(),NOW());
INSERT INTO LUGARES (DESC_LUGAR, ID_CIUDAD, FECHA_INSERT, FECHA_MODIFICACION) VALUES ("THE TAM O SHANTER CONNECTION",1,NOW(),NOW());
INSERT INTO LUGARES (DESC_LUGAR, ID_CIUDAD, FECHA_INSERT, FECHA_MODIFICACION) VALUES ("WEE MONSIEUR",1,NOW(),NOW());
INSERT INTO LUGARES (DESC_LUGAR, ID_CIUDAD, FECHA_INSERT, FECHA_MODIFICACION) VALUES ("THE CHINA SYNDROME",1,NOW(),NOW());
INSERT INTO LUGARES (DESC_LUGAR, ID_CIUDAD, FECHA_INSERT, FECHA_MODIFICACION) VALUES ("THE JERKY HUT",1,NOW(),NOW());
INSERT INTO LUGARES (DESC_LUGAR, ID_CIUDAD, FECHA_INSERT, FECHA_MODIFICACION) VALUES ("SWEET HOME ALABAMA",1,NOW(),NOW());
INSERT INTO LUGARES (DESC_LUGAR, ID_CIUDAD, FECHA_INSERT, FECHA_MODIFICACION) VALUES ("MARTIAL ARTS ACADEMY",1,NOW(),NOW());
INSERT INTO LUGARES (DESC_LUGAR, ID_CIUDAD, FECHA_INSERT, FECHA_MODIFICACION) VALUES ("GOODY NEW SHOES",1,NOW(),NOW());
INSERT INTO LUGARES (DESC_LUGAR, ID_CIUDAD, FECHA_INSERT, FECHA_MODIFICACION) VALUES ("HAILSTONES",1,NOW(),NOW());
INSERT INTO LUGARES (DESC_LUGAR, ID_CIUDAD, FECHA_INSERT, FECHA_MODIFICACION) VALUES ("THE EAR PIERCERY",1,NOW(),NOW());
INSERT INTO LUGARES (DESC_LUGAR, ID_CIUDAD, FECHA_INSERT, FECHA_MODIFICACION) VALUES ("PLUNDERER PETES",1,NOW(),NOW());
INSERT INTO LUGARES (DESC_LUGAR, ID_CIUDAD, FECHA_INSERT, FECHA_MODIFICACION) VALUES ("ROCK BOTTOM REMAINDERS",1,NOW(),NOW());
INSERT INTO LUGARES (DESC_LUGAR, ID_CIUDAD, FECHA_INSERT, FECHA_MODIFICACION) VALUES ("HUNTING SUPPLIES",1,NOW(),NOW());
INSERT INTO LUGARES (DESC_LUGAR, ID_CIUDAD, FECHA_INSERT, FECHA_MODIFICACION) VALUES ("THE VAST WAISTBAND",1,NOW(),NOW());
INSERT INTO LUGARES (DESC_LUGAR, ID_CIUDAD, FECHA_INSERT, FECHA_MODIFICACION) VALUES ("TOMMY HILLCLIMBER",1,NOW(),NOW());
INSERT INTO LUGARES (DESC_LUGAR, ID_CIUDAD, FECHA_INSERT, FECHA_MODIFICACION) VALUES ("MAPPLE",1,NOW(),NOW());
INSERT INTO LUGARES (DESC_LUGAR, ID_CIUDAD, FECHA_INSERT, FECHA_MODIFICACION) VALUES ("DA BUZZ CLUB",1,NOW(),NOW());
INSERT INTO LUGARES (DESC_LUGAR, ID_CIUDAD, FECHA_INSERT, FECHA_MODIFICACION) VALUES ("HAPPY SAILOR TATOO PARLOR",1,NOW(),NOW());
INSERT INTO LUGARES (DESC_LUGAR, ID_CIUDAD, FECHA_INSERT, FECHA_MODIFICACION) VALUES ("LA TRUFA DORADA",1,NOW(),NOW());
INSERT INTO LUGARES (DESC_LUGAR, ID_CIUDAD, FECHA_INSERT, FECHA_MODIFICACION) VALUES ("LARD LAD DONUTS",1,NOW(),NOW());
INSERT INTO LUGARES (DESC_LUGAR, ID_CIUDAD, FECHA_INSERT, FECHA_MODIFICACION) VALUES ("EL MATADERO",1,NOW(),NOW());
INSERT INTO LUGARES (DESC_LUGAR, ID_CIUDAD, FECHA_INSERT, FECHA_MODIFICACION) VALUES ("PHINEAS EL MANTECOSO",1,NOW(),NOW());
INSERT INTO LUGARES (DESC_LUGAR, ID_CIUDAD, FECHA_INSERT, FECHA_MODIFICACION) VALUES ("THE HAPPY SUMO",1,NOW(),NOW());
INSERT INTO LUGARES (DESC_LUGAR, ID_CIUDAD, FECHA_INSERT, FECHA_MODIFICACION) VALUES ("WALL-E-WEASELS",1,NOW(),NOW());
INSERT INTO LUGARES (DESC_LUGAR, ID_CIUDAD, FECHA_INSERT, FECHA_MODIFICACION) VALUES ("IZZYS DELI",1,NOW(),NOW());
INSERT INTO LUGARES (DESC_LUGAR, ID_CIUDAD, FECHA_INSERT, FECHA_MODIFICACION) VALUES ("EL HOLANDES FRITO",1,NOW(),NOW());
INSERT INTO LUGARES (DESC_LUGAR, ID_CIUDAD, FECHA_INSERT, FECHA_MODIFICACION) VALUES ("EL PLANET HYPE",1,NOW(),NOW());
INSERT INTO LUGARES (DESC_LUGAR, ID_CIUDAD, FECHA_INSERT, FECHA_MODIFICACION) VALUES ("LA CASA MUNICIPAL DE PANQUEQUES",1,NOW(),NOW());
INSERT INTO LUGARES (DESC_LUGAR, ID_CIUDAD, FECHA_INSERT, FECHA_MODIFICACION) VALUES ("EL LAGO",1,NOW(),NOW());
INSERT INTO LUGARES (DESC_LUGAR, ID_CIUDAD, FECHA_INSERT, FECHA_MODIFICACION) VALUES ("EL SPRINGFIELD GLACIER",1,NOW(),NOW());
INSERT INTO LUGARES (DESC_LUGAR, ID_CIUDAD, FECHA_INSERT, FECHA_MODIFICACION) VALUES ("LA CUEVA DEL PADRE DE CARL",1,NOW(),NOW());
INSERT INTO LUGARES (DESC_LUGAR, ID_CIUDAD, FECHA_INSERT, FECHA_MODIFICACION) VALUES ("EL CANYON DE SPRINGFIELD",1,NOW(),NOW());
INSERT INTO LUGARES (DESC_LUGAR, ID_CIUDAD, FECHA_INSERT, FECHA_MODIFICACION) VALUES ("PAPALINA GEORGE",1,NOW(),NOW());
INSERT INTO LUGARES (DESC_LUGAR, ID_CIUDAD, FECHA_INSERT, FECHA_MODIFICACION) VALUES ("SOCIEDAD HISTORICA",1,NOW(),NOW());
INSERT INTO LUGARES (DESC_LUGAR, ID_CIUDAD, FECHA_INSERT, FECHA_MODIFICACION) VALUES ("PARQUE NACIONAL",1,NOW(),NOW());
INSERT INTO LUGARES (DESC_LUGAR, ID_CIUDAD, FECHA_INSERT, FECHA_MODIFICACION) VALUES ("CENTRO DE CONVENCIONES",1,NOW(),NOW());
INSERT INTO LUGARES (DESC_LUGAR, ID_CIUDAD, FECHA_INSERT, FECHA_MODIFICACION) VALUES ("EL CUERNO DE LA MUERTE",1,NOW(),NOW());
INSERT INTO LUGARES (DESC_LUGAR, ID_CIUDAD, FECHA_INSERT, FECHA_MODIFICACION) VALUES ("LA PEQUEÑA CAJA NEGRA",1,NOW(),NOW());
INSERT INTO LUGARES (DESC_LUGAR, ID_CIUDAD, FECHA_INSERT, FECHA_MODIFICACION) VALUES ("EL LEGITIMO CLUB SOCIAL DE EMPRESARIOS",1,NOW(),NOW());
INSERT INTO LUGARES (DESC_LUGAR, ID_CIUDAD, FECHA_INSERT, FECHA_MODIFICACION) VALUES ("SLEEP-EAZY MOTEL",1,NOW(),NOW());
INSERT INTO LUGARES (DESC_LUGAR, ID_CIUDAD, FECHA_INSERT, FECHA_MODIFICACION) VALUES ("EL RANCHO RELAXO",1,NOW(),NOW());
INSERT INTO LUGARES (DESC_LUGAR, ID_CIUDAD, FECHA_INSERT, FECHA_MODIFICACION) VALUES ("HOTEL WOOSTERFIELD",1,NOW(),NOW());
INSERT INTO LUGARES (DESC_LUGAR, ID_CIUDAD, FECHA_INSERT, FECHA_MODIFICACION) VALUES ("YE OLDE OFF-RAMP INN",1,NOW(),NOW());
INSERT INTO LUGARES (DESC_LUGAR, ID_CIUDAD, FECHA_INSERT, FECHA_MODIFICACION) VALUES ("INN APHRODITE",1,NOW(),NOW());
INSERT INTO LUGARES (DESC_LUGAR, ID_CIUDAD, FECHA_INSERT, FECHA_MODIFICACION) VALUES ("PALMA SPRINGFIELD RESORT",1,NOW(),NOW());
INSERT INTO LUGARES (DESC_LUGAR, ID_CIUDAD, FECHA_INSERT, FECHA_MODIFICACION) VALUES ("SEGUNDO BEST-WESTERN HOTEL",1,NOW(),NOW());
INSERT INTO LUGARES (DESC_LUGAR, ID_CIUDAD, FECHA_INSERT, FECHA_MODIFICACION) VALUES ("SNUGGLER COVE",1,NOW(),NOW());
INSERT INTO LUGARES (DESC_LUGAR, ID_CIUDAD, FECHA_INSERT, FECHA_MODIFICACION) VALUES ("STARLIGHT MOTEL",1,NOW(),NOW());
INSERT INTO LUGARES (DESC_LUGAR, ID_CIUDAD, FECHA_INSERT, FECHA_MODIFICACION) VALUES ("HOSPITAL MENTAL BOSQUECALMO",1,NOW(),NOW());
INSERT INTO LUGARES (DESC_LUGAR, ID_CIUDAD, FECHA_INSERT, FECHA_MODIFICACION) VALUES ("CLINICA DERMATOLOGICA DEL DR.ZITSOFSKY",1,NOW(),NOW());
INSERT INTO LUGARES (DESC_LUGAR, ID_CIUDAD, FECHA_INSERT, FECHA_MODIFICACION) VALUES ("HAIR CLINIC",1,NOW(),NOW());
INSERT INTO LUGARES (DESC_LUGAR, ID_CIUDAD, FECHA_INSERT, FECHA_MODIFICACION) VALUES ("CLINICA MAYO",1,NOW(),NOW());
INSERT INTO LUGARES (DESC_LUGAR, ID_CIUDAD, FECHA_INSERT, FECHA_MODIFICACION) VALUES ("EYE CARAMBA",1,NOW(),NOW());
INSERT INTO LUGARES (DESC_LUGAR, ID_CIUDAD, FECHA_INSERT, FECHA_MODIFICACION) VALUES ("UNIVERSIDAD",1,NOW(),NOW());
INSERT INTO LUGARES (DESC_LUGAR, ID_CIUDAD, FECHA_INSERT, FECHA_MODIFICACION) VALUES ("ESCUELA SECUNDARIA",1,NOW(),NOW());
INSERT INTO LUGARES (DESC_LUGAR, ID_CIUDAD, FECHA_INSERT, FECHA_MODIFICACION) VALUES ("CLOISTERS ACADEMY",1,NOW(),NOW());
INSERT INTO LUGARES (DESC_LUGAR, ID_CIUDAD, FECHA_INSERT, FECHA_MODIFICACION) VALUES ("ZURDORIUM",1,NOW(),NOW());
INSERT INTO LUGARES (DESC_LUGAR, ID_CIUDAD, FECHA_INSERT, FECHA_MODIFICACION) VALUES ("MONSTRUO MERCADO",1,NOW(),NOW());
INSERT INTO LUGARES (DESC_LUGAR, ID_CIUDAD, FECHA_INSERT, FECHA_MODIFICACION) VALUES ("CASA DE ARMAS Y ANTIGUEDADES HERMAN",1,NOW(),NOW());
INSERT INTO LUGARES (DESC_LUGAR, ID_CIUDAD, FECHA_INSERT, FECHA_MODIFICACION) VALUES ("EL DESPARRAMART",1,NOW(),NOW());
INSERT INTO LUGARES (DESC_LUGAR, ID_CIUDAD, FECHA_INSERT, FECHA_MODIFICACION) VALUES ("GROCERY STORE",1,NOW(),NOW());
INSERT INTO LUGARES (DESC_LUGAR, ID_CIUDAD, FECHA_INSERT, FECHA_MODIFICACION) VALUES ("A VER SI AHORRA",1,NOW(),NOW());
INSERT INTO LUGARES (DESC_LUGAR, ID_CIUDAD, FECHA_INSERT, FECHA_MODIFICACION) VALUES ("LA FLORIST",1,NOW(),NOW());
INSERT INTO LUGARES (DESC_LUGAR, ID_CIUDAD, FECHA_INSERT, FECHA_MODIFICACION) VALUES ("KING TOOTS MUSIC STORE",1,NOW(),NOW());
INSERT INTO LUGARES (DESC_LUGAR, ID_CIUDAD, FECHA_INSERT, FECHA_MODIFICACION) VALUES ("CIRCUIT CIRCUS",1,NOW(),NOW());
INSERT INTO LUGARES (DESC_LUGAR, ID_CIUDAD, FECHA_INSERT, FECHA_MODIFICACION) VALUES ("THE FOOD FACTORY TAILANDES",1,NOW(),NOW());
INSERT INTO LUGARES (DESC_LUGAR, ID_CIUDAD, FECHA_INSERT, FECHA_MODIFICACION) VALUES ("BARNEY BOWL-A-RAMA",1,NOW(),NOW());
INSERT INTO LUGARES (DESC_LUGAR, ID_CIUDAD, FECHA_INSERT, FECHA_MODIFICACION) VALUES ("LA MANSION DERRIERE",1,NOW(),NOW());
INSERT INTO LUGARES (DESC_LUGAR, ID_CIUDAD, FECHA_INSERT, FECHA_MODIFICACION) VALUES ("THE JAVA SERVER",1,NOW(),NOW());
INSERT INTO LUGARES (DESC_LUGAR, ID_CIUDAD, FECHA_INSERT, FECHA_MODIFICACION) VALUES ("CAMPAMENTO KRUSTY",1,NOW(),NOW());
INSERT INTO LUGARES (DESC_LUGAR, ID_CIUDAD, FECHA_INSERT, FECHA_MODIFICACION) VALUES ("CHEZ GUEVARA",1,NOW(),NOW());
INSERT INTO LUGARES (DESC_LUGAR, ID_CIUDAD, FECHA_INSERT, FECHA_MODIFICACION) VALUES ("ZOOMINATOR",1,NOW(),NOW());
INSERT INTO LUGARES (DESC_LUGAR, ID_CIUDAD, FECHA_INSERT, FECHA_MODIFICACION) VALUES ("MONTE SPLASH",1,NOW(),NOW());
INSERT INTO LUGARES (DESC_LUGAR, ID_CIUDAD, FECHA_INSERT, FECHA_MODIFICACION) VALUES ("ESTADIO DUFF",1,NOW(),NOW());
INSERT INTO LUGARES (DESC_LUGAR, ID_CIUDAD, FECHA_INSERT, FECHA_MODIFICACION) VALUES ("TEATRO AZTECA",1,NOW(),NOW());
INSERT INTO LUGARES (DESC_LUGAR, ID_CIUDAD, FECHA_INSERT, FECHA_MODIFICACION) VALUES ("NOISELAND VIDEO ARCADE",1,NOW(),NOW());
INSERT INTO LUGARES (DESC_LUGAR, ID_CIUDAD, FECHA_INSERT, FECHA_MODIFICACION) VALUES ("EL ACUEDUCTO ABANDONADO",1,NOW(),NOW());
INSERT INTO LUGARES (DESC_LUGAR, ID_CIUDAD, FECHA_INSERT, FECHA_MODIFICACION) VALUES ("BLOCKOLAND",1,NOW(),NOW());
INSERT INTO LUGARES (DESC_LUGAR, ID_CIUDAD, FECHA_INSERT, FECHA_MODIFICACION) VALUES ("CIRCUITO DE CARRERAS",1,NOW(),NOW());
INSERT INTO LUGARES (DESC_LUGAR, ID_CIUDAD, FECHA_INSERT, FECHA_MODIFICACION) VALUES ("LA SKATES N SUCH ICE RINK",1,NOW(),NOW());
INSERT INTO LUGARES (DESC_LUGAR, ID_CIUDAD, FECHA_INSERT, FECHA_MODIFICACION) VALUES ("CLUB 4-H",1,NOW(),NOW());
INSERT INTO LUGARES (DESC_LUGAR, ID_CIUDAD, FECHA_INSERT, FECHA_MODIFICACION) VALUES ("CINES GOOGOLPLEX",1,NOW(),NOW());
INSERT INTO LUGARES (DESC_LUGAR, ID_CIUDAD, FECHA_INSERT, FECHA_MODIFICACION) VALUES ("CALLE FALSA 123",1,NOW(),NOW());
INSERT INTO LUGARES (DESC_LUGAR, ID_CIUDAD, FECHA_INSERT, FECHA_MODIFICACION) VALUES ("PRISION DE MINIMA SEGURIDAD",1,NOW(),NOW());
INSERT INTO LUGARES (DESC_LUGAR, ID_CIUDAD, FECHA_INSERT, FECHA_MODIFICACION) VALUES ("RACAPICALANDIA",1,NOW(),NOW());
INSERT INTO LUGARES (DESC_LUGAR, ID_CIUDAD, FECHA_INSERT, FECHA_MODIFICACION) VALUES ("MUELLE",1,NOW(),NOW());
INSERT INTO LUGARES (DESC_LUGAR, ID_CIUDAD, FECHA_INSERT, FECHA_MODIFICACION) VALUES ("DEPARTAMENTO DE POLICIA",1,NOW(),NOW());
INSERT INTO LUGARES (DESC_LUGAR, ID_CIUDAD, FECHA_INSERT, FECHA_MODIFICACION) VALUES ("ESTACION KBBL RADIO",1,NOW(),NOW());
INSERT INTO LUGARES (DESC_LUGAR, ID_CIUDAD, FECHA_INSERT, FECHA_MODIFICACION) VALUES ("AYUNTAMIENTO",1,NOW(),NOW());
INSERT INTO LUGARES (DESC_LUGAR, ID_CIUDAD, FECHA_INSERT, FECHA_MODIFICACION) VALUES ("JUBILANDIA",1,NOW(),NOW());
INSERT INTO LUGARES (DESC_LUGAR, ID_CIUDAD, FECHA_INSERT, FECHA_MODIFICACION) VALUES ("OBSERVATORIO",1,NOW(),NOW());
INSERT INTO LUGARES (DESC_LUGAR, ID_CIUDAD, FECHA_INSERT, FECHA_MODIFICACION) VALUES ("CATEDRAL DE CRISTAL",1,NOW(),NOW());
INSERT INTO LUGARES (DESC_LUGAR, ID_CIUDAD, FECHA_INSERT, FECHA_MODIFICACION) VALUES ("LA ROCA DEL CARROZA",1,NOW(),NOW());
INSERT INTO LUGARES (DESC_LUGAR, ID_CIUDAD, FECHA_INSERT, FECHA_MODIFICACION) VALUES ("TEMPLO",1,NOW(),NOW());
INSERT INTO LUGARES (DESC_LUGAR, ID_CIUDAD, FECHA_INSERT, FECHA_MODIFICACION) VALUES ("CIRCUITO DE GALGOS",1,NOW(),NOW());
INSERT INTO LUGARES (DESC_LUGAR, ID_CIUDAD, FECHA_INSERT, FECHA_MODIFICACION) VALUES ("PRESA",1,NOW(),NOW());
INSERT INTO LUGARES (DESC_LUGAR, ID_CIUDAD, FECHA_INSERT, FECHA_MODIFICACION) VALUES ("BARRIO JUDIO",1,NOW(),NOW());
INSERT INTO LUGARES (DESC_LUGAR, ID_CIUDAD, FECHA_INSERT, FECHA_MODIFICACION) VALUES ("BARRIO RUSO",1,NOW(),NOW());
INSERT INTO LUGARES (DESC_LUGAR, ID_CIUDAD, FECHA_INSERT, FECHA_MODIFICACION) VALUES ("DEPARTAMENTO DE TRAFICO",1,NOW(),NOW());
INSERT INTO LUGARES (DESC_LUGAR, ID_CIUDAD, FECHA_INSERT, FECHA_MODIFICACION) VALUES ("POWELL MOTORS",12,NOW(),NOW());
INSERT INTO LUGARES (DESC_LUGAR, ID_CIUDAD, FECHA_INSERT, FECHA_MODIFICACION) VALUES ("FABRICA DE TRADUCTORES DE BEBES",1,NOW(),NOW());
INSERT INTO LUGARES (DESC_LUGAR, ID_CIUDAD, FECHA_INSERT, FECHA_MODIFICACION) VALUES ("ESTACION DE METRO (CALLE 3A)",1,NOW(),NOW());
INSERT INTO LUGARES (DESC_LUGAR, ID_CIUDAD, FECHA_INSERT, FECHA_MODIFICACION) VALUES ("BUMTOWN",1,NOW(),NOW());
INSERT INTO LUGARES (DESC_LUGAR, ID_CIUDAD, FECHA_INSERT, FECHA_MODIFICACION) VALUES ("CATFISH LAKE",1,NOW(),NOW());
INSERT INTO LUGARES (DESC_LUGAR, ID_CIUDAD, FECHA_INSERT, FECHA_MODIFICACION) VALUES ("AVENIDA 12TH",1,NOW(),NOW());
INSERT INTO LUGARES (DESC_LUGAR, ID_CIUDAD, FECHA_INSERT, FECHA_MODIFICACION) VALUES ("BETTERTHANTV.COM",1,NOW(),NOW());
INSERT INTO LUGARES (DESC_LUGAR, ID_CIUDAD, FECHA_INSERT, FECHA_MODIFICACION) VALUES ("ZIFFCORP",1,NOW(),NOW());
INSERT INTO LUGARES (DESC_LUGAR, ID_CIUDAD, FECHA_INSERT, FECHA_MODIFICACION) VALUES ("VERTEDERO DE DESECHOS TÓXICOS",1,NOW(),NOW());
INSERT INTO LUGARES (DESC_LUGAR, ID_CIUDAD, FECHA_INSERT, FECHA_MODIFICACION) VALUES ("FUERTE SPRINGFIELD",1,NOW(),NOW());
INSERT INTO LUGARES (DESC_LUGAR, ID_CIUDAD, FECHA_INSERT, FECHA_MODIFICACION) VALUES ("PRIMER BANCO DE SPRINGFIELD",1,NOW(),NOW());
INSERT INTO LUGARES (DESC_LUGAR, ID_CIUDAD, FECHA_INSERT, FECHA_MODIFICACION) VALUES ("DETROIT",12,NOW(),NOW());
INSERT INTO LUGARES (DESC_LUGAR, ID_CIUDAD, FECHA_INSERT, FECHA_MODIFICACION) VALUES ("742 EVERGREEN TERRACE",1,NOW(),NOW());
INSERT INTO LUGARES (DESC_LUGAR, ID_CIUDAD, FECHA_INSERT, FECHA_MODIFICACION) VALUES ("744 EVERGREEN TERRACE",1,NOW(),NOW());
INSERT INTO LUGARES (DESC_LUGAR, ID_CIUDAD, FECHA_INSERT, FECHA_MODIFICACION) VALUES ("790 EVERGREEN TERRACE",1,NOW(),NOW());
INSERT INTO LUGARES (DESC_LUGAR, ID_CIUDAD, FECHA_INSERT, FECHA_MODIFICACION) VALUES ("CASA SPUCKLER",1,NOW(),NOW());
INSERT INTO LUGARES (DESC_LUGAR, ID_CIUDAD, FECHA_INSERT, FECHA_MODIFICACION) VALUES ("APARTAMENTO 38",1,NOW(),NOW());
INSERT INTO LUGARES (DESC_LUGAR, ID_CIUDAD, FECHA_INSERT, FECHA_MODIFICACION) VALUES ("746 EVERGREEN TERRACE",1,NOW(),NOW());
INSERT INTO LUGARES (DESC_LUGAR, ID_CIUDAD, FECHA_INSERT, FECHA_MODIFICACION) VALUES ("FABRICA DE GALLETAS SOUTHERN CRACKER",1,NOW(),NOW());
INSERT INTO LUGARES (DESC_LUGAR, ID_CIUDAD, FECHA_INSERT, FECHA_MODIFICACION) VALUES ("LOMAS DE SPRINGFIELD - MANSION BURNS",1,NOW(),NOW());
INSERT INTO LUGARES (DESC_LUGAR, ID_CIUDAD, FECHA_INSERT, FECHA_MODIFICACION) VALUES ("CASA DE LOS MUNTZ",1,NOW(),NOW());
INSERT INTO LUGARES (DESC_LUGAR, ID_CIUDAD, FECHA_INSERT, FECHA_MODIFICACION) VALUES ("734 EVERGREEN TERRACE",1,NOW(),NOW());
INSERT INTO LUGARES (DESC_LUGAR, ID_CIUDAD, FECHA_INSERT, FECHA_MODIFICACION) VALUES ("THE PRINCE HOUSE",1,NOW(),NOW());
INSERT INTO LUGARES (DESC_LUGAR, ID_CIUDAD, FECHA_INSERT, FECHA_MODIFICACION) VALUES ("82 EVERGREEN TERRACE",1,NOW(),NOW());
INSERT INTO LUGARES (DESC_LUGAR, ID_CIUDAD, FECHA_INSERT, FECHA_MODIFICACION) VALUES ("LOMAS DE SPRINGFIELD - CASA DE TONY EL GORDO",1,NOW(),NOW());
INSERT INTO LUGARES (DESC_LUGAR, ID_CIUDAD, FECHA_INSERT, FECHA_MODIFICACION) VALUES ("LOMAS DE SPRINGFIELD - MANSION DE KRUSTY",1,NOW(),NOW());
INSERT INTO LUGARES (DESC_LUGAR, ID_CIUDAD, FECHA_INSERT, FECHA_MODIFICACION) VALUES ("TIENDA DE COMICS",1,NOW(),NOW());
INSERT INTO LUGARES (DESC_LUGAR, ID_CIUDAD, FECHA_INSERT, FECHA_MODIFICACION) VALUES ("CANAL 6",1,NOW(),NOW());

COMMIT;

INSERT INTO PERSONAJES (DESC_PERSONAJE, ID_FAMILIA, ID_SEXO, ID_LUGAR_RESIDENCIA, ID_PROFESION, FECHA_INSERT, FECHA_MODIFICACION) VALUES ("ABRAHAM SIMPSON",1,1,1,1,NOW(),NOW());
INSERT INTO PERSONAJES (DESC_PERSONAJE, ID_FAMILIA, ID_SEXO, ID_MATRIMONIO, ID_LUGAR_RESIDENCIA, ID_PROFESION, ID_LUGAR_PROFESION, FECHA_INSERT, FECHA_MODIFICACION) VALUES ("HOMER SIMPSON",1,1,1,147,5,3,NOW(),NOW());
INSERT INTO PERSONAJES (DESC_PERSONAJE, ID_FAMILIA, ID_SEXO, ID_LUGAR_RESIDENCIA, ID_PROFESION, ID_LUGAR_PROFESION, FECHA_INSERT, FECHA_MODIFICACION) VALUES ("LISA SIMPSON",1,2,147,3,4,NOW(),NOW());
INSERT INTO PERSONAJES (DESC_PERSONAJE, ID_FAMILIA, ID_SEXO, ID_MATRIMONIO, ID_LUGAR_RESIDENCIA, ID_PROFESION, FECHA_INSERT, FECHA_MODIFICACION) VALUES ("MARGE SIMPSON",1,2,1,147,4,NOW(),NOW());
INSERT INTO PERSONAJES (DESC_PERSONAJE, ID_FAMILIA, ID_SEXO, ID_LUGAR_RESIDENCIA, ID_PROFESION, ID_LUGAR_PROFESION, FECHA_INSERT, FECHA_MODIFICACION) VALUES ("BART SIMPSON",1,1,147,3,4,NOW(),NOW());
INSERT INTO PERSONAJES (DESC_PERSONAJE, ID_FAMILIA, ID_SEXO, ID_LUGAR_RESIDENCIA, FECHA_INSERT, FECHA_MODIFICACION) VALUES ("MAGGIE SIMPSON",1,2,147,NOW(),NOW());
INSERT INTO PERSONAJES (DESC_PERSONAJE, ID_FAMILIA, ID_SEXO, ID_LUGAR_RESIDENCIA, ID_PROFESION, ID_LUGAR_PROFESION, FECHA_INSERT, FECHA_MODIFICACION) VALUES ("HERBERT POWELL",1,1,12,2,135,NOW(),NOW());
INSERT INTO PERSONAJES (DESC_PERSONAJE, ID_FAMILIA, ID_SEXO, ID_PROFESION, ID_LUGAR_PROFESION, FECHA_INSERT, FECHA_MODIFICACION) VALUES ("SELMA BOUVIER",2,2,6,134,NOW(),NOW());
INSERT INTO PERSONAJES (DESC_PERSONAJE, ID_FAMILIA, ID_SEXO, ID_PROFESION, ID_LUGAR_PROFESION, FECHA_INSERT, FECHA_MODIFICACION) VALUES ("PATTY BOUVIER",2,2,6,134,NOW(),NOW());
INSERT INTO PERSONAJES (DESC_PERSONAJE, ID_FAMILIA, ID_SEXO, ID_PROFESION, FECHA_INSERT, FECHA_MODIFICACION) VALUES ("JACQUELINE BOUVIER",2,2,1,NOW(),NOW());
INSERT INTO PERSONAJES (DESC_PERSONAJE, ID_FAMILIA, ID_SEXO, ID_MATRIMONIO, ID_LUGAR_RESIDENCIA, ID_PROFESION, ID_LUGAR_PROFESION, FECHA_INSERT, FECHA_MODIFICACION) VALUES ("NEDD FLANDERS",2,1,2,148,2,92,NOW(),NOW());
INSERT INTO PERSONAJES (DESC_PERSONAJE, ID_FAMILIA, ID_SEXO, ID_LUGAR_RESIDENCIA, ID_PROFESION, ID_LUGAR_PROFESION, FECHA_INSERT, FECHA_MODIFICACION) VALUES ("TODD FLANDERS",3,1,148,3,4,NOW(),NOW());
INSERT INTO PERSONAJES (DESC_PERSONAJE, ID_FAMILIA, ID_SEXO, ID_LUGAR_RESIDENCIA, ID_PROFESION, ID_LUGAR_PROFESION, FECHA_INSERT, FECHA_MODIFICACION) VALUES ("ROD FLANDERS",3,1,148,3,4,NOW(),NOW());
INSERT INTO PERSONAJES (DESC_PERSONAJE, ID_FAMILIA, ID_SEXO, ID_MATRIMONIO, ID_LUGAR_RESIDENCIA, ID_PROFESION, FECHA_INSERT, FECHA_MODIFICACION) VALUES ("MAUDE FLANDERS",2,1,2,148,4,NOW(),NOW());
INSERT INTO PERSONAJES (DESC_PERSONAJE, ID_FAMILIA, ID_SEXO, ID_MATRIMONIO, ID_LUGAR_RESIDENCIA, ID_PROFESION, ID_LUGAR_PROFESION, FECHA_INSERT, FECHA_MODIFICACION) VALUES ("CLANCY WIGGUM",4,1,3,149,7,122,NOW(),NOW());
INSERT INTO PERSONAJES (DESC_PERSONAJE, ID_FAMILIA, ID_SEXO, ID_MATRIMONIO, ID_LUGAR_RESIDENCIA, ID_PROFESION, FECHA_INSERT, FECHA_MODIFICACION) VALUES ("SARAH WIGGUM",4,2,3,149,4,NOW(),NOW());
INSERT INTO PERSONAJES (DESC_PERSONAJE, ID_FAMILIA, ID_SEXO, ID_LUGAR_RESIDENCIA, ID_PROFESION, ID_LUGAR_PROFESION, FECHA_INSERT, FECHA_MODIFICACION) VALUES ("RALPH WIGGUM",4,1,149,3,4,NOW(),NOW());
INSERT INTO PERSONAJES (DESC_PERSONAJE, ID_FAMILIA, ID_SEXO, ID_LUGAR_RESIDENCIA, FECHA_INSERT, FECHA_MODIFICACION) VALUES ("CLETUS SPUCKLER",5,1,150,NOW(),NOW());
INSERT INTO PERSONAJES (DESC_PERSONAJE, ID_FAMILIA, ID_SEXO, ID_LUGAR_RESIDENCIA, FECHA_INSERT, FECHA_MODIFICACION) VALUES ("BRANDINE SPUCKLER",5,2,150,NOW(),NOW());
INSERT INTO PERSONAJES (DESC_PERSONAJE, ID_FAMILIA, ID_SEXO, ID_MATRIMONIO, ID_LUGAR_RESIDENCIA, ID_PROFESION, ID_LUGAR_PROFESION, FECHA_INSERT, FECHA_MODIFICACION) VALUES ("APU NAHASAPEEMAPETILON",6,1,5,151,2,5,NOW(),NOW());
INSERT INTO PERSONAJES (DESC_PERSONAJE, ID_FAMILIA, ID_SEXO, ID_MATRIMONIO, ID_LUGAR_RESIDENCIA, ID_PROFESION, FECHA_INSERT, FECHA_MODIFICACION) VALUES ("MANJULA NAHASAPEEMAPETILON",6,2,5,151,4,NOW(),NOW());
INSERT INTO PERSONAJES (DESC_PERSONAJE, ID_FAMILIA, ID_SEXO, ID_LUGAR_RESIDENCIA, ID_PROFESION, ID_LUGAR_PROFESION, FECHA_INSERT, FECHA_MODIFICACION) VALUES ("MILHOUSE VAN HOUTEN",7,1,152,2,4,NOW(),NOW());
INSERT INTO PERSONAJES (DESC_PERSONAJE, ID_FAMILIA, ID_SEXO, ID_MATRIMONIO, ID_LUGAR_RESIDENCIA, ID_PROFESION, ID_LUGAR_PROFESION, FECHA_INSERT, FECHA_MODIFICACION) VALUES ("KIRK VAN HOUTEN",7,1,6,152,8,153,NOW(),NOW());
INSERT INTO PERSONAJES (DESC_PERSONAJE, ID_FAMILIA, ID_SEXO, ID_MATRIMONIO, ID_LUGAR_RESIDENCIA, ID_PROFESION, FECHA_INSERT, FECHA_MODIFICACION) VALUES ("LUANN VAN HOUTEN",7,2,6,152,9,NOW(),NOW());
INSERT INTO PERSONAJES (DESC_PERSONAJE, ID_FAMILIA, ID_SEXO, ID_LUGAR_RESIDENCIA, ID_PROFESION, ID_LUGAR_PROFESION, FECHA_INSERT, FECHA_MODIFICACION) VALUES ("CHARLES MONTGOMERY BURNS",8,1,154,2,3,NOW(),NOW());
INSERT INTO PERSONAJES (DESC_PERSONAJE, ID_FAMILIA, ID_SEXO, ID_PROFESION, FECHA_INSERT, FECHA_MODIFICACION) VALUES ("LARRY BURNS",8,1,8,NOW(),NOW());
INSERT INTO PERSONAJES (DESC_PERSONAJE, ID_FAMILIA, ID_SEXO, ID_PROFESION, FECHA_INSERT, FECHA_MODIFICACION) VALUES ("DAPHNE BURNS",8,2,1,NOW(),NOW());
INSERT INTO PERSONAJES (DESC_PERSONAJE, ID_FAMILIA, ID_SEXO, ID_PROFESION, FECHA_INSERT, FECHA_MODIFICACION) VALUES ("CLIFFORD BURNS",8,1,1,NOW(),NOW());
INSERT INTO PERSONAJES (DESC_PERSONAJE, ID_FAMILIA, ID_SEXO, ID_MATRIMONIO, ID_LUGAR_RESIDENCIA, ID_PROFESION, FECHA_INSERT, FECHA_MODIFICACION) VALUES ("LILI MUNTZ",9,2,7,155,10,NOW(),NOW());
INSERT INTO PERSONAJES (DESC_PERSONAJE, ID_FAMILIA, ID_SEXO, ID_LUGAR_RESIDENCIA, ID_PROFESION, ID_LUGAR_PROFESION, FECHA_INSERT, FECHA_MODIFICACION) VALUES ("NELSON MUNTZ",9,1,155,3,4,NOW(),NOW());
INSERT INTO PERSONAJES (DESC_PERSONAJE, ID_FAMILIA, ID_SEXO, ID_MATRIMONIO, ID_LUGAR_RESIDENCIA, ID_PROFESION, FECHA_INSERT, FECHA_MODIFICACION) VALUES ("POPPA MUNTZ",9,1,7,155,11,NOW(),NOW());
INSERT INTO PERSONAJES (DESC_PERSONAJE, ID_FAMILIA, ID_SEXO, ID_PROFESION, ID_LUGAR_PROFESION, FECHA_INSERT, FECHA_MODIFICACION) VALUES ("WALTER SEYMOUR SKINNER",10,1,12,4,NOW(),NOW());
INSERT INTO PERSONAJES (DESC_PERSONAJE, ID_FAMILIA, ID_SEXO, ID_MATRIMONIO, ID_PROFESION, FECHA_INSERT, FECHA_MODIFICACION) VALUES ("AGNES SKINNER",10,2,8,1,NOW(),NOW());
INSERT INTO PERSONAJES (DESC_PERSONAJE, ID_FAMILIA, ID_SEXO, ID_PROFESION, FECHA_INSERT, FECHA_MODIFICACION) VALUES ("WALTER SEYMOUR SKINNER",10,1,13,NOW(),NOW());
INSERT INTO PERSONAJES (DESC_PERSONAJE, ID_FAMILIA, ID_SEXO, ID_MATRIMONIO, ID_PROFESION, FECHA_INSERT, FECHA_MODIFICACION) VALUES ("SHELDON SKINNER",10,1,8,14,NOW(),NOW());
INSERT INTO PERSONAJES (DESC_PERSONAJE, ID_FAMILIA, ID_SEXO, ID_MATRIMONIO, ID_PROFESION, ID_LUGAR_PROFESION, FECHA_INSERT, FECHA_MODIFICACION) VALUES ("TIMOTHY LOVEJOY",11,1,4,12,8,NOW(),NOW());
INSERT INTO PERSONAJES (DESC_PERSONAJE, ID_FAMILIA, ID_SEXO, ID_MATRIMONIO, ID_PROFESION, FECHA_INSERT, FECHA_MODIFICACION) VALUES ("HELEN LOVEJOY",11,2,4,4,NOW(),NOW());
INSERT INTO PERSONAJES (DESC_PERSONAJE, ID_FAMILIA, ID_SEXO, ID_PROFESION, ID_LUGAR_PROFESION, FECHA_INSERT, FECHA_MODIFICACION) VALUES ("JESSICA LOVEJOY",11,2,3,4,NOW(),NOW());
INSERT INTO PERSONAJES (DESC_PERSONAJE, ID_FAMILIA, ID_SEXO, ID_PROFESION, FECHA_INSERT, FECHA_MODIFICACION) VALUES ("MURPHY HIBBERT",12,1,16,NOW(),NOW());
INSERT INTO PERSONAJES (DESC_PERSONAJE, ID_FAMILIA, ID_SEXO, ID_MATRIMONIO, ID_LUGAR_RESIDENCIA, ID_PROFESION, FECHA_INSERT, FECHA_MODIFICACION) VALUES ("BERNICE HIBBERT",12,2,9,156,4,NOW(),NOW());
INSERT INTO PERSONAJES (DESC_PERSONAJE, ID_FAMILIA, ID_SEXO, ID_MATRIMONIO, ID_LUGAR_RESIDENCIA, ID_PROFESION, ID_LUGAR_PROFESION, FECHA_INSERT, FECHA_MODIFICACION) VALUES ("JULIUS HIBBERT",12,1,9,156,17,12,NOW(),NOW());
INSERT INTO PERSONAJES (DESC_PERSONAJE, ID_FAMILIA, ID_SEXO, ID_MATRIMONIO, ID_LUGAR_RESIDENCIA, ID_PROFESION, FECHA_INSERT, FECHA_MODIFICACION) VALUES ("MARTIN PRINCE SR",13,1,4,157,18,NOW(),NOW());
INSERT INTO PERSONAJES (DESC_PERSONAJE, ID_FAMILIA, ID_SEXO, ID_LUGAR_RESIDENCIA, ID_PROFESION, ID_LUGAR_PROFESION, FECHA_INSERT, FECHA_MODIFICACION) VALUES ("MARTIN PRINCE JR.",13,1,157,3,4,NOW(),NOW());
INSERT INTO PERSONAJES (DESC_PERSONAJE, ID_FAMILIA, ID_SEXO, ID_MATRIMONIO, ID_LUGAR_RESIDENCIA, ID_PROFESION, FECHA_INSERT, FECHA_MODIFICACION) VALUES ("MARTHE PRINCE",13,1,4,157,4,NOW(),NOW());
INSERT INTO PERSONAJES (DESC_PERSONAJE, ID_SEXO, ID_LUGAR_RESIDENCIA, ID_PROFESION, ID_LUGAR_PROFESION, FECHA_INSERT, FECHA_MODIFICACION) VALUES ("EDNA KRABAPAPPEL",2,158,19,4,NOW(),NOW());
INSERT INTO PERSONAJES (DESC_PERSONAJE, ID_SEXO, ID_LUGAR_RESIDENCIA, ID_PROFESION, ID_LUGAR_PROFESION, FECHA_INSERT, FECHA_MODIFICACION) VALUES ("MOE SZYSLAK",1,156,2,2,NOW(),NOW());
INSERT INTO PERSONAJES (DESC_PERSONAJE, ID_SEXO, ID_LUGAR_RESIDENCIA, ID_PROFESION, FECHA_INSERT, FECHA_MODIFICACION) VALUES ("TONY EL GORDO",1,159,20,NOW(),NOW());
INSERT INTO PERSONAJES (DESC_PERSONAJE, ID_SEXO, ID_LUGAR_RESIDENCIA, ID_PROFESION, ID_LUGAR_PROFESION, FECHA_INSERT, FECHA_MODIFICACION) VALUES ("HERSCHEL SHMOIKEL PINKUS YEROCHAM KRUSTOFSKY",1,160,21,18,NOW(),NOW());
INSERT INTO PERSONAJES (DESC_PERSONAJE, ID_SEXO, ID_PROFESION, ID_LUGAR_PROFESION, FECHA_INSERT, FECHA_MODIFICACION) VALUES ("WAYLON SMITHERS",1,22,3,NOW(),NOW());
INSERT INTO PERSONAJES (DESC_PERSONAJE, ID_SEXO, ID_PROFESION, FECHA_INSERT, FECHA_MODIFICACION) VALUES ("BARNEY GUMBLE",1,23,NOW(),NOW());
INSERT INTO PERSONAJES (DESC_PERSONAJE, ID_SEXO, ID_PROFESION, ID_LUGAR_PROFESION, FECHA_INSERT, FECHA_MODIFICACION) VALUES ("LOU",1,24,122,NOW(),NOW());
INSERT INTO PERSONAJES (DESC_PERSONAJE, ID_SEXO, ID_PROFESION, ID_LUGAR_PROFESION, FECHA_INSERT, FECHA_MODIFICACION) VALUES ("EDDIE",1,24,122,NOW(),NOW());
INSERT INTO PERSONAJES (DESC_PERSONAJE, ID_SEXO, FECHA_INSERT, FECHA_MODIFICACION) VALUES ("SAM",1,NOW(),NOW());
INSERT INTO PERSONAJES (DESC_PERSONAJE, ID_SEXO, FECHA_INSERT, FECHA_MODIFICACION) VALUES ("LARRY",1,NOW(),NOW());
INSERT INTO PERSONAJES (DESC_PERSONAJE, ID_SEXO, ID_PROFESION, ID_LUGAR_PROFESION, FECHA_INSERT, FECHA_MODIFICACION) VALUES ("LENNY LEONARD",1,5,3,NOW(),NOW());
INSERT INTO PERSONAJES (DESC_PERSONAJE, ID_SEXO, ID_PROFESION, ID_LUGAR_PROFESION, FECHA_INSERT, FECHA_MODIFICACION) VALUES ("CARL CARLSON",1,25,3,NOW(),NOW());
INSERT INTO PERSONAJES (DESC_PERSONAJE, ID_SEXO, ID_PROFESION, ID_LUGAR_PROFESION, FECHA_INSERT, FECHA_MODIFICACION) VALUES ("MINDY SIMMONS",2,26,3,NOW(),NOW());
INSERT INTO PERSONAJES (DESC_PERSONAJE, ID_SEXO, ID_LUGAR_RESIDENCIA, ID_PROFESION, FECHA_INSERT, FECHA_MODIFICACION) VALUES ("JASPER BEARDLEY",1,1,1,NOW(),NOW());
INSERT INTO PERSONAJES (DESC_PERSONAJE, ID_SEXO, ID_PROFESION, ID_LUGAR_PROFESION, FECHA_INSERT, FECHA_MODIFICACION) VALUES ("ROBERT UNDERDUNK TERWILLIGER JR",1,27,18,NOW(),NOW());
INSERT INTO PERSONAJES (DESC_PERSONAJE, ID_SEXO, ID_PROFESION, FECHA_INSERT, FECHA_MODIFICACION) VALUES ("CHESTER TURLEY",1,28,NOW(),NOW());
INSERT INTO PERSONAJES (DESC_PERSONAJE, ID_SEXO, ID_PROFESION, ID_LUGAR_PROFESION, FECHA_INSERT, FECHA_MODIFICACION) VALUES ("HANS TOPO",1,29,3,NOW(),NOW());
INSERT INTO PERSONAJES (DESC_PERSONAJE, ID_SEXO, ID_PROFESION, FECHA_INSERT, FECHA_MODIFICACION) VALUES ("DISCOTEQUE STUART",1,30,NOW(),NOW());
INSERT INTO PERSONAJES (DESC_PERSONAJE, ID_SEXO, ID_PROFESION, FECHA_INSERT, FECHA_MODIFICACION) VALUES ("YARITZA BURGOS",1,31,NOW(),NOW());
INSERT INTO PERSONAJES (DESC_PERSONAJE, ID_SEXO, ID_PROFESION, ID_LUGAR_PROFESION, FECHA_INSERT, FECHA_MODIFICACION) VALUES ("BARRY HUFFMAN",1,32,109,NOW(),NOW());
INSERT INTO PERSONAJES (DESC_PERSONAJE, ID_SEXO, ID_PROFESION, ID_LUGAR_PROFESION, FECHA_INSERT, FECHA_MODIFICACION) VALUES ("MELVIN VAN HORNE",1,27,18,NOW(),NOW());
INSERT INTO PERSONAJES (DESC_PERSONAJE, ID_SEXO, ID_PROFESION, ID_LUGAR_PROFESION, FECHA_INSERT, FECHA_MODIFICACION) VALUES ("JEFF ALBERSTON",1,33,161,NOW(),NOW());
INSERT INTO PERSONAJES (DESC_PERSONAJE, ID_SEXO, ID_PROFESION, ID_LUGAR_PROFESION, FECHA_INSERT, FECHA_MODIFICACION) VALUES ("LIONEL HUTZ",1,34,25,NOW(),NOW());
INSERT INTO PERSONAJES (DESC_PERSONAJE, ID_SEXO, ID_PROFESION, ID_LUGAR_PROFESION, FECHA_INSERT, FECHA_MODIFICACION) VALUES ("KENT BROCKMAN",1,21,162,NOW(),NOW());
INSERT INTO PERSONAJES (DESC_PERSONAJE, ID_SEXO, ID_PROFESION, ID_LUGAR_PROFESION, FECHA_INSERT, FECHA_MODIFICACION) VALUES ("STEPHANIE BROCKMAN",2,35,162,NOW(),NOW());
INSERT INTO PERSONAJES (DESC_PERSONAJE, ID_SEXO, ID_PROFESION, FECHA_INSERT, FECHA_MODIFICACION) VALUES ("TROY MCCLURE",1,31,NOW(),NOW());
INSERT INTO PERSONAJES (DESC_PERSONAJE, ID_SEXO, FECHA_INSERT, FECHA_MODIFICACION) VALUES ("GERALDS SAMSON",1,NOW(),NOW());
INSERT INTO PERSONAJES (DESC_PERSONAJE, ID_SEXO, ID_PROFESION, ID_LUGAR_PROFESION, FECHA_INSERT, FECHA_MODIFICACION) VALUES ("MARVIN MONROE",1,36,84,NOW(),NOW());
INSERT INTO PERSONAJES (DESC_PERSONAJE, ID_SEXO, ID_PROFESION, ID_LUGAR_PROFESION, FECHA_INSERT, FECHA_MODIFICACION) VALUES ("JOSEPH FITZPATRICK FITGERALD FITZHENRY QUIMBY",1,37,124,NOW(),NOW());

COMMIT;

INSERT INTO FRASES(DESC_FRASE,ID_PERSONAJE,FECHA_INSERT,FECHA_MODIFICACION) VALUE('¡Oh, mírame,Marge!Estoy haciendo feliz a mucha gente,soy el hombre mágico del país feliz de la casa de la gominola en la calle de la piruleta',2,NOW(),NOW());
INSERT INTO FRASES(DESC_FRASE,ID_PERSONAJE,FECHA_INSERT,FECHA_MODIFICACION) VALUE('Voy a matar a Moe...Wiiii...Voy a matar a Moe...Wiiii...',2,NOW(),NOW());
INSERT INTO FRASES(DESC_FRASE,ID_PERSONAJE,FECHA_INSERT,FECHA_MODIFICACION) VALUE('No veo por qué no puedo castigarles, son mis hijos, yo soy su dueño, (gruñido de Marge).¡Está,bien,bien!SOMOS sus dueños',2,NOW(),NOW());
INSERT INTO FRASES(DESC_FRASE,ID_PERSONAJE,FECHA_INSERT,FECHA_MODIFICACION) VALUE('Sin tele y sin cerveza, Homer pierde la cabeza',2,NOW(),NOW());
INSERT INTO FRASES(DESC_FRASE,ID_PERSONAJE,FECHA_INSERT,FECHA_MODIFICACION) VALUE('¡Por favor, no me comáis! Tengo mujer e hijos ¡Comeros a ellos! (Homer a los extraterrestres)',2,NOW(),NOW());
INSERT INTO FRASES(DESC_FRASE,ID_PERSONAJE,FECHA_INSERT,FECHA_MODIFICACION) VALUE('¡Cojo otro muelle, y lo tiro por el retrete, y ya son 820 muelles los que el retrete se ha tragado!',2,NOW(),NOW());
INSERT INTO FRASES(DESC_FRASE,ID_PERSONAJE,FECHA_INSERT,FECHA_MODIFICACION) VALUE('Marge,¿cuántos hijos tenemos?¡No!No tenemos tiempo para contar.Lo pondré a ojo:¡nueve!',2,NOW(),NOW());
INSERT INTO FRASES(DESC_FRASE,ID_PERSONAJE,FECHA_INSERT,FECHA_MODIFICACION) VALUE('Lisa, los vampiros son seres inventados, como los duendes, los gremlins y los esquimales',2,NOW(),NOW());
INSERT INTO FRASES(DESC_FRASE,ID_PERSONAJE,FECHA_INSERT,FECHA_MODIFICACION) VALUE('Normalmente no rezo, pero si estás ahí, por favor, ¡sálvame Superman!',2,NOW(),NOW());
INSERT INTO FRASES(DESC_FRASE,ID_PERSONAJE,FECHA_INSERT,FECHA_MODIFICACION) VALUE('Puede tener todo el dinero del mundo, pero hay algo que nunca podrá comprar...un dinosaurio',2,NOW(),NOW());
INSERT INTO FRASES(DESC_FRASE,ID_PERSONAJE,FECHA_INSERT,FECHA_MODIFICACION) VALUE('La nariz roja de Rudolph no está relacionada con el alcohol',5,NOW(),NOW());
INSERT INTO FRASES(DESC_FRASE,ID_PERSONAJE,FECHA_INSERT,FECHA_MODIFICACION) VALUE('Los dientes flojos no necesitan mi ayuda',5,NOW(),NOW());
INSERT INTO FRASES(DESC_FRASE,ID_PERSONAJE,FECHA_INSERT,FECHA_MODIFICACION) VALUE('Los peces dorados no rebotan',5,NOW(),NOW());
INSERT INTO FRASES(DESC_FRASE,ID_PERSONAJE,FECHA_INSERT,FECHA_MODIFICACION) VALUE('¿He sido yo?',5,NOW(),NOW());
INSERT INTO FRASES(DESC_FRASE,ID_PERSONAJE,FECHA_INSERT,FECHA_MODIFICACION) VALUE('Un eructo no es una respuesta',5,NOW(),NOW());
INSERT INTO FRASES(DESC_FRASE,ID_PERSONAJE,FECHA_INSERT,FECHA_MODIFICACION) VALUE('Un simulacro de incendio no requiere un incendio',5,NOW(),NOW());
INSERT INTO FRASES(DESC_FRASE,ID_PERSONAJE,FECHA_INSERT,FECHA_MODIFICACION) VALUE('¡Multiplícate por cero!',5,NOW(),NOW());
INSERT INTO FRASES(DESC_FRASE,ID_PERSONAJE,FECHA_INSERT,FECHA_MODIFICACION) VALUE('No inflamable no es un desafio',5,NOW(),NOW());
INSERT INTO FRASES(DESC_FRASE,ID_PERSONAJE,FECHA_INSERT,FECHA_MODIFICACION) VALUE('A nadie le interesan mis calzoncillos',5,NOW(),NOW());
INSERT INTO FRASES(DESC_FRASE,ID_PERSONAJE,FECHA_INSERT,FECHA_MODIFICACION) VALUE('Arrojar bolas de pintura no es una forma de arte',5,NOW(),NOW());
INSERT INTO FRASES(DESC_FRASE,ID_PERSONAJE,FECHA_INSERT,FECHA_MODIFICACION) VALUE('Agregar era broma no permite insultar al director',5,NOW(),NOW());
INSERT INTO FRASES(DESC_FRASE,ID_PERSONAJE,FECHA_INSERT,FECHA_MODIFICACION) VALUE('Hacer llorar a Milhouse no es un proyecto cientifico',5,NOW(),NOW());
INSERT INTO FRASES(DESC_FRASE,ID_PERSONAJE,FECHA_INSERT,FECHA_MODIFICACION) VALUE('La felicidad es inversamente proporcional a la inteligencia.Incluso tracé una gráfica.Me encantan las gráficas',3,NOW(),NOW());
INSERT INTO FRASES(DESC_FRASE,ID_PERSONAJE,FECHA_INSERT,FECHA_MODIFICACION) VALUE('De la soledad aprendí que es mejor ponerse los audífonos',3,NOW(),NOW());
INSERT INTO FRASES(DESC_FRASE,ID_PERSONAJE,FECHA_INSERT,FECHA_MODIFICACION) VALUE('Si alguien me necesita, estaré en mi habitación',3,NOW(),NOW());
INSERT INTO FRASES(DESC_FRASE,ID_PERSONAJE,FECHA_INSERT,FECHA_MODIFICACION) VALUE('¡Usted está mal!¡Todo el maldito sistema está mal!',3,NOW(),NOW());
INSERT INTO FRASES(DESC_FRASE,ID_PERSONAJE,FECHA_INSERT,FECHA_MODIFICACION) VALUE('¿No hay una historia de amor que tenga un final feliz?',3,NOW(),NOW());
INSERT INTO FRASES(DESC_FRASE,ID_PERSONAJE,FECHA_INSERT,FECHA_MODIFICACION) VALUE('Defiendo un país en que la gente puede pensar, actuar y creer en lo que quiera',3,NOW(),NOW());
INSERT INTO FRASES(DESC_FRASE,ID_PERSONAJE,FECHA_INSERT,FECHA_MODIFICACION) VALUE('Jueeeeego, con mi melocotoneroooooo',3,NOW(),NOW());
INSERT INTO FRASES(DESC_FRASE,ID_PERSONAJE,FECHA_INSERT,FECHA_MODIFICACION) VALUE('¡Mira,papá!Hice un moderno estudio para mi Stacy Malibu: aquí es la cocina, aquí es donde imprime su newsletter feminista semanal...',3,NOW(),NOW());
INSERT INTO FRASES(DESC_FRASE,ID_PERSONAJE,FECHA_INSERT,FECHA_MODIFICACION) VALUE('La policía solo sirve para mantener el status quo de las clases dominantes',3,NOW(),NOW());
INSERT INTO FRASES(DESC_FRASE,ID_PERSONAJE,FECHA_INSERT,FECHA_MODIFICACION) VALUE('No sé muy bien quién es Dios, sólo sé que es más poderoso que papá y mamá juntos',3,NOW(),NOW());
INSERT INTO FRASES(DESC_FRASE,ID_PERSONAJE,FECHA_INSERT,FECHA_MODIFICACION) VALUE('Cuando estoy triste abro un libro e ignoro al mundo',3,NOW(),NOW());
INSERT INTO FRASES(DESC_FRASE,ID_PERSONAJE,FECHA_INSERT,FECHA_MODIFICACION) VALUE('Pato pato pato pato pato pato pato pato pato pato pato pato',17,NOW(),NOW());
INSERT INTO FRASES(DESC_FRASE,ID_PERSONAJE,FECHA_INSERT,FECHA_MODIFICACION) VALUE('¡Corre plátano!',17,NOW(),NOW());
INSERT INTO FRASES(DESC_FRASE,ID_PERSONAJE,FECHA_INSERT,FECHA_MODIFICACION) VALUE('Señorita Hoover, el gusano saltó a mi boca y me lo tragué,¿puede darme otro?',17,NOW(),NOW());
INSERT INTO FRASES(DESC_FRASE,ID_PERSONAJE,FECHA_INSERT,FECHA_MODIFICACION) VALUE('Te diré lo que quiero, lo que quiero de verdad;dime lo que quieres, lo que quieres de verdad; te diré lo que quiero, lo que quiero de verdad; dime lo que quieres, lo que quieres de verdad',17,NOW(),NOW());
INSERT INTO FRASES(DESC_FRASE,ID_PERSONAJE,FECHA_INSERT,FECHA_MODIFICACION) VALUE('En la tarjeta ponía: Eres chu chu chuuuuuuuli y sale un tren',17,NOW(),NOW());
INSERT INTO FRASES(DESC_FRASE,ID_PERSONAJE,FECHA_INSERT,FECHA_MODIFICACION) VALUE('¡Soy un unicornio retrasado!',17,NOW(),NOW());
INSERT INTO FRASES(DESC_FRASE,ID_PERSONAJE,FECHA_INSERT,FECHA_MODIFICACION) VALUE('La profesora Carapapel y el director estaban en un armario haciendo bebés, yo vi a uno de los bebés, y uno de los bebés se quedó mirándome',17,NOW(),NOW());
INSERT INTO FRASES(DESC_FRASE,ID_PERSONAJE,FECHA_INSERT,FECHA_MODIFICACION) VALUE('He bebido zumo azul de debajo del fregadero',17,NOW(),NOW());
INSERT INTO FRASES(DESC_FRASE,ID_PERSONAJE,FECHA_INSERT,FECHA_MODIFICACION) VALUE('Dicen que el alcohol borra la memoria...de lo demás no me acuerdo',50,NOW(),NOW());
INSERT INTO FRASES(DESC_FRASE,ID_PERSONAJE,FECHA_INSERT,FECHA_MODIFICACION) VALUE('¿Pero es que nadie va a pensar en los niños?',37,NOW(),NOW());
INSERT INTO FRASES(DESC_FRASE,ID_PERSONAJE,FECHA_INSERT,FECHA_MODIFICACION) VALUE('La opresión y la tiranía son una pequeña tasa por vivir en el país de la libertad',25,NOW(),NOW());
INSERT INTO FRASES(DESC_FRASE,ID_PERSONAJE,FECHA_INSERT,FECHA_MODIFICACION) VALUE('Estoy en la cárcel por un delito que no cometí,¡intento de asesinato!¿Y qué significa eso de intento?¿Acaso conceden el Premio Nobel por el Intento de Química?',65,NOW(),NOW());
INSERT INTO FRASES(DESC_FRASE,ID_PERSONAJE,FECHA_INSERT,FECHA_MODIFICACION) VALUE('Solo tenía una muñeca hinchable...y ella también me abandonó. No debí usar helio',46,NOW(),NOW());

COMMIT;
